[{"model": "admin.logentry", "pk": 1, "fields": {"action_time": "2024-09-25T14:05:02.741Z", "user": 1, "content_type": 15, "object_id": "1", "object_repr": "None - Ativo: True", "action_flag": 1, "change_message": "[{\"added\": {}}]"}}, {"model": "admin.logentry", "pk": 2, "fields": {"action_time": "2024-09-25T14:05:23.003Z", "user": 1, "content_type": 15, "object_id": "2", "object_repr": "None - Ativo: False", "action_flag": 1, "change_message": "[{\"added\": {}}]"}}, {"model": "admin.logentry", "pk": 3, "fields": {"action_time": "2024-09-25T14:05:31.157Z", "user": 1, "content_type": 15, "object_id": "2", "object_repr": "None - Ativo: True", "action_flag": 2, "change_message": "[{\"changed\": {\"fields\": [\"Ativo\"]}}]"}}, {"model": "admin.logentry", "pk": 4, "fields": {"action_time": "2024-10-02T10:22:45.410Z", "user": 1, "content_type": 7, "object_id": "1", "object_repr": "smartphone", "action_flag": 1, "change_message": "[{\"added\": {}}]"}}, {"model": "admin.logentry", "pk": 5, "fields": {"action_time": "2024-10-02T10:23:24.002Z", "user": 1, "content_type": 7, "object_id": "2", "object_repr": "fones_de_ouvido", "action_flag": 1, "change_message": "[{\"added\": {}}]"}}, {"model": "admin.logentry", "pk": 6, "fields": {"action_time": "2024-10-02T10:23:36.952Z", "user": 1, "content_type": 7, "object_id": "3", "object_repr": "carregador", "action_flag": 1, "change_message": "[{\"added\": {}}]"}}, {"model": "admin.logentry", "pk": 7, "fields": {"action_time": "2024-10-02T10:23:45.697Z", "user": 1, "content_type": 7, "object_id": "4", "object_repr": "capinhas", "action_flag": 1, "change_message": "[{\"added\": {}}]"}}, {"model": "admin.logentry", "pk": 8, "fields": {"action_time": "2024-10-02T10:23:50.297Z", "user": 1, "content_type": 7, "object_id": "3", "object_repr": "carregadores", "action_flag": 2, "change_message": "[{\"changed\": {\"fields\": [\"Nome\"]}}]"}}, {"model": "admin.logentry", "pk": 9, "fields": {"action_time": "2024-10-02T10:23:54.637Z", "user": 1, "content_type": 7, "object_id": "1", "object_repr": "smartphones", "action_flag": 2, "change_message": "[{\"changed\": {\"fields\": [\"Nome\"]}}]"}}, {"model": "admin.logentry", "pk": 10, "fields": {"action_time": "2024-10-02T10:36:21.069Z", "user": 1, "content_type": 15, "object_id": "1", "object_repr": "None - Ativo: True", "action_flag": 3, "change_message": ""}}, {"model": "admin.logentry", "pk": 11, "fields": {"action_time": "2024-10-02T10:36:25.583Z", "user": 1, "content_type": 15, "object_id": "2", "object_repr": "None - Ativo: True", "action_flag": 3, "change_message": ""}}, {"model": "admin.logentry", "pk": 12, "fields": {"action_time": "2024-10-02T10:43:46.944Z", "user": 1, "content_type": 15, "object_id": "3", "object_repr": "None - Ativo: True", "action_flag": 1, "change_message": "[{\"added\": {}}]"}}, {"model": "admin.logentry", "pk": 13, "fields": {"action_time": "2024-10-02T10:45:34.684Z", "user": 1, "content_type": 15, "object_id": "4", "object_repr": "None - Ativo: True", "action_flag": 1, "change_message": "[{\"added\": {}}]"}}, {"model": "admin.logentry", "pk": 14, "fields": {"action_time": "2024-10-02T10:46:11.213Z", "user": 1, "content_type": 15, "object_id": "3", "object_repr": "None - Ativo: True", "action_flag": 3, "change_message": ""}}, {"model": "admin.logentry", "pk": 15, "fields": {"action_time": "2024-10-02T10:46:23.252Z", "user": 1, "content_type": 15, "object_id": "5", "object_repr": "None - Ativo: True", "action_flag": 1, "change_message": "[{\"added\": {}}]"}}, {"model": "admin.logentry", "pk": 16, "fields": {"action_time": "2024-10-02T10:57:19.145Z", "user": 1, "content_type": 15, "object_id": "5", "object_repr": "loja/acessorios/ - Ativo: True", "action_flag": 2, "change_message": "[{\"changed\": {\"fields\": [\"Link destino\"]}}]"}}, {"model": "admin.logentry", "pk": 17, "fields": {"action_time": "2024-10-02T10:57:39.286Z", "user": 1, "content_type": 15, "object_id": "4", "object_repr": "loja/smartphones/ - Ativo: True", "action_flag": 2, "change_message": "[{\"changed\": {\"fields\": [\"Link destino\"]}}]"}}, {"model": "admin.logentry", "pk": 18, "fields": {"action_time": "2024-10-02T10:57:41.813Z", "user": 1, "content_type": 15, "object_id": "5", "object_repr": "loja/acessorios/ - Ativo: True", "action_flag": 2, "change_message": "[]"}}, {"model": "admin.logentry", "pk": 19, "fields": {"action_time": "2024-10-02T10:58:10.853Z", "user": 1, "content_type": 15, "object_id": "5", "object_repr": "acessorios - Ativo: True", "action_flag": 2, "change_message": "[{\"changed\": {\"fields\": [\"Link destino\"]}}]"}}, {"model": "admin.logentry", "pk": 20, "fields": {"action_time": "2024-10-02T10:58:16.316Z", "user": 1, "content_type": 15, "object_id": "4", "object_repr": "smartphones - Ativo: True", "action_flag": 2, "change_message": "[{\"changed\": {\"fields\": [\"Link destino\"]}}]"}}, {"model": "admin.logentry", "pk": 21, "fields": {"action_time": "2024-10-02T10:59:45.770Z", "user": 1, "content_type": 7, "object_id": "5", "object_repr": "smartphones", "action_flag": 1, "change_message": "[{\"added\": {}}]"}}, {"model": "admin.logentry", "pk": 22, "fields": {"action_time": "2024-10-02T10:59:53.408Z", "user": 1, "content_type": 7, "object_id": "1", "object_repr": "smartphones", "action_flag": 3, "change_message": ""}}, {"model": "admin.logentry", "pk": 23, "fields": {"action_time": "2024-10-02T11:00:13.545Z", "user": 1, "content_type": 15, "object_id": "5", "object_repr": "acessorios - Ativo: True", "action_flag": 2, "change_message": "[]"}}, {"model": "admin.logentry", "pk": 24, "fields": {"action_time": "2024-10-02T11:01:28.073Z", "user": 1, "content_type": 9, "object_id": "1", "object_repr": "Iphone", "action_flag": 1, "change_message": "[{\"added\": {}}]"}}, {"model": "admin.logentry", "pk": 25, "fields": {"action_time": "2024-10-02T11:01:52.246Z", "user": 1, "content_type": 14, "object_id": "1", "object_repr": "Nome: Iphone 15, Categoria: smartphones, Tipo: Iphone, Preço: 2500", "action_flag": 1, "change_message": "[{\"added\": {}}]"}}, {"model": "admin.logentry", "pk": 26, "fields": {"action_time": "2024-10-02T11:03:32.060Z", "user": 1, "content_type": 9, "object_id": "2", "object_repr": "caixa_de_som", "action_flag": 1, "change_message": "[{\"added\": {}}]"}}, {"model": "admin.logentry", "pk": 27, "fields": {"action_time": "2024-10-02T11:03:43.933Z", "user": 1, "content_type": 9, "object_id": "2", "object_repr": "caixa_de_som", "action_flag": 3, "change_message": ""}}, {"model": "admin.logentry", "pk": 28, "fields": {"action_time": "2024-10-02T11:04:41.285Z", "user": 1, "content_type": 9, "object_id": "3", "object_repr": "airpods", "action_flag": 1, "change_message": "[{\"added\": {}}]"}}, {"model": "admin.logentry", "pk": 29, "fields": {"action_time": "2024-10-02T11:05:45.943Z", "user": 1, "content_type": 14, "object_id": "2", "object_repr": "Nome: Apple Airpods Pro 2nd generation MTJV3AM/A, Categoria: fones_de_ouvido, Tipo: airpods, Preço: 1700", "action_flag": 1, "change_message": "[{\"added\": {}}]"}}, {"model": "admin.logentry", "pk": 30, "fields": {"action_time": "2024-10-02T11:13:10.933Z", "user": 1, "content_type": 15, "object_id": "5", "object_repr": "caixa_som - Ativo: True", "action_flag": 2, "change_message": "[{\"changed\": {\"fields\": [\"Link destino\"]}}]"}}, {"model": "admin.logentry", "pk": 31, "fields": {"action_time": "2024-10-02T11:13:41.687Z", "user": 1, "content_type": 7, "object_id": "6", "object_repr": "caixa_som", "action_flag": 1, "change_message": "[{\"added\": {}}]"}}, {"model": "admin.logentry", "pk": 32, "fields": {"action_time": "2024-10-02T11:13:51.912Z", "user": 1, "content_type": 9, "object_id": "4", "object_repr": "jbl", "action_flag": 1, "change_message": "[{\"added\": {}}]"}}, {"model": "admin.logentry", "pk": 33, "fields": {"action_time": "2024-10-02T11:15:40.186Z", "user": 1, "content_type": 14, "object_id": "3", "object_repr": "Nome: Caixa JBL Boombox 3 Preta, 200W RMS, Wi-Fi, Bluetooth, IP67 à Prova D'água, JBLBB3WIFIBLKBR, HARMAN JBL, Categoria: caixa_som, Tipo: jbl, Preço: 3000", "action_flag": 1, "change_message": "[{\"added\": {}}]"}}, {"model": "admin.logentry", "pk": 34, "fields": {"action_time": "2024-10-02T15:07:52.659Z", "user": 1, "content_type": 16, "object_id": "1", "object_repr": "branco", "action_flag": 1, "change_message": "[{\"added\": {}}]"}}, {"model": "admin.logentry", "pk": 35, "fields": {"action_time": "2024-10-02T15:08:15.222Z", "user": 1, "content_type": 16, "object_id": "2", "object_repr": "preto", "action_flag": 1, "change_message": "[{\"added\": {}}]"}}, {"model": "admin.logentry", "pk": 36, "fields": {"action_time": "2024-10-02T15:12:52.188Z", "user": 1, "content_type": 14, "object_id": "4", "object_repr": "Nome: Fone De Ouvido Sem Fio AirPods Pro Inpods 13 Bluetooth 5.0 Com Microfone, Categoria: fones_de_ouvido, Tipo: airpods, Preço: 50", "action_flag": 1, "change_message": "[{\"added\": {}}]"}}, {"model": "admin.logentry", "pk": 37, "fields": {"action_time": "2024-10-02T15:13:14.785Z", "user": 1, "content_type": 14, "object_id": "5", "object_repr": "Nome: Fone De Ouvido Sem Fio AirPods Pro Inpods 13 Bluetooth 5.0 Com Microfone, Categoria: fones_de_ouvido, Tipo: airpods, Preço: 50", "action_flag": 1, "change_message": "[{\"added\": {}}]"}}, {"model": "admin.logentry", "pk": 38, "fields": {"action_time": "2024-10-02T15:46:55.711Z", "user": 1, "content_type": 8, "object_id": "1", "object_repr": "ItemEstoque object (1)", "action_flag": 1, "change_message": "[{\"added\": {}}]"}}, {"model": "admin.logentry", "pk": 39, "fields": {"action_time": "2024-10-02T16:02:45.925Z", "user": 1, "content_type": 8, "object_id": "1", "object_repr": "Fone De Ouvido Sem Fio AirPods Pro Inpods 13 Bluetooth 5.0 Com Microfone Cor: branco", "action_flag": 2, "change_message": "[{\"changed\": {\"fields\": [\"Cor\"]}}]"}}, {"model": "admin.logentry", "pk": 40, "fields": {"action_time": "2024-10-02T16:02:57.651Z", "user": 1, "content_type": 8, "object_id": "2", "object_repr": "Fone De Ouvido Sem Fio AirPods Pro Inpods 13 Bluetooth 5.0 Com Microfone Cor: preto", "action_flag": 1, "change_message": "[{\"added\": {}}]"}}, {"model": "admin.logentry", "pk": 41, "fields": {"action_time": "2024-10-02T22:24:17.884Z", "user": 1, "content_type": 14, "object_id": "6", "object_repr": "Nome: Apple iPhone 13 Pro Max (128 GB), Categoria: smartphones, Tipo: Iphone, Preço: 10000", "action_flag": 1, "change_message": "[{\"added\": {}}]"}}, {"model": "admin.logentry", "pk": 42, "fields": {"action_time": "2024-10-02T22:24:31.843Z", "user": 1, "content_type": 14, "object_id": "6", "object_repr": "Nome: Apple iPhone 13 Pro Max (128 GB), Categoria: smartphones, Tipo: Iphone, Preço: 10000.00", "action_flag": 3, "change_message": ""}}, {"model": "admin.logentry", "pk": 43, "fields": {"action_time": "2024-10-02T22:24:58.795Z", "user": 1, "content_type": 14, "object_id": "7", "object_repr": "Nome: Apple iPhone 13 Pro Max (128 GB), Categoria: smartphones, Tipo: Iphone, Preço: 10000", "action_flag": 1, "change_message": "[{\"added\": {}}]"}}, {"model": "admin.logentry", "pk": 44, "fields": {"action_time": "2024-10-02T22:26:24.015Z", "user": 1, "content_type": 14, "object_id": "7", "object_repr": "Nome: iPhone 13 Pro Max (128 GB), Categoria: smartphones, Tipo: Iphone, Preço: 10000.00", "action_flag": 2, "change_message": "[{\"changed\": {\"fields\": [\"Nome\"]}}]"}}, {"model": "admin.logentry", "pk": 45, "fields": {"action_time": "2024-10-02T22:26:34.390Z", "user": 1, "content_type": 14, "object_id": "1", "object_repr": "Nome: iPhone 15, Categoria: smartphones, Tipo: Iphone, Preço: 2500.00", "action_flag": 2, "change_message": "[{\"changed\": {\"fields\": [\"Nome\"]}}]"}}, {"model": "admin.logentry", "pk": 46, "fields": {"action_time": "2024-10-02T22:26:57.802Z", "user": 1, "content_type": 14, "object_id": "8", "object_repr": "Nome: iPhone 14 Apple (128GB), Categoria: smartphones, Tipo: Iphone, Preço: 5000", "action_flag": 1, "change_message": "[{\"added\": {}}]"}}, {"model": "admin.logentry", "pk": 47, "fields": {"action_time": "2024-10-02T23:33:56.178Z", "user": 1, "content_type": 15, "object_id": "5", "object_repr": "caixa_som - Ativo: True", "action_flag": 2, "change_message": "[]"}}, {"model": "admin.logentry", "pk": 48, "fields": {"action_time": "2024-10-02T23:35:36.951Z", "user": 1, "content_type": 15, "object_id": "5", "object_repr": "caixa_som - Ativo: True", "action_flag": 2, "change_message": "[{\"changed\": {\"fields\": [\"Imagem\"]}}]"}}, {"model": "admin.logentry", "pk": 49, "fields": {"action_time": "2024-10-02T23:35:43.731Z", "user": 1, "content_type": 15, "object_id": "5", "object_repr": "caixa_som - Ativo: True", "action_flag": 2, "change_message": "[{\"changed\": {\"fields\": [\"Imagem\"]}}]"}}, {"model": "admin.logentry", "pk": 50, "fields": {"action_time": "2024-10-03T16:17:26.266Z", "user": 1, "content_type": 8, "object_id": "3", "object_repr": "iPhone 15 Cor: branco", "action_flag": 1, "change_message": "[{\"added\": {}}]"}}, {"model": "admin.logentry", "pk": 51, "fields": {"action_time": "2024-10-03T16:20:23.854Z", "user": 1, "content_type": 8, "object_id": "4", "object_repr": "iPhone 15 Cor: preto", "action_flag": 1, "change_message": "[{\"added\": {}}]"}}, {"model": "admin.logentry", "pk": 52, "fields": {"action_time": "2024-10-03T16:38:01.880Z", "user": 1, "content_type": 14, "object_id": "1", "object_repr": "Nome: iPhone 15 Pro Max, Categoria: smartphones, Tipo: Iphone, Preço: 2500.00", "action_flag": 2, "change_message": "[{\"changed\": {\"fields\": [\"Nome\"]}}]"}}, {"model": "admin.logentry", "pk": 53, "fields": {"action_time": "2024-10-03T16:39:14.997Z", "user": 1, "content_type": 16, "object_id": "3", "object_repr": "azul", "action_flag": 1, "change_message": "[{\"added\": {}}]"}}, {"model": "admin.logentry", "pk": 54, "fields": {"action_time": "2024-10-03T16:41:04.483Z", "user": 1, "content_type": 16, "object_id": "4", "object_repr": "cinza", "action_flag": 1, "change_message": "[{\"added\": {}}]"}}, {"model": "admin.logentry", "pk": 55, "fields": {"action_time": "2024-10-03T16:41:29.801Z", "user": 1, "content_type": 8, "object_id": "5", "object_repr": "iPhone 15 Pro Max Cor: azul", "action_flag": 1, "change_message": "[{\"added\": {}}]"}}, {"model": "admin.logentry", "pk": 56, "fields": {"action_time": "2024-10-03T16:41:37.515Z", "user": 1, "content_type": 8, "object_id": "6", "object_repr": "iPhone 15 Pro Max Cor: cinza", "action_flag": 1, "change_message": "[{\"added\": {}}]"}}, {"model": "admin.logentry", "pk": 57, "fields": {"action_time": "2024-10-04T10:59:45.347Z", "user": 1, "content_type": 8, "object_id": "4", "object_repr": "iPhone 15 Pro Max Cor: preto", "action_flag": 2, "change_message": "[{\"changed\": {\"fields\": [\"Tamanho\"]}}]"}}, {"model": "admin.logentry", "pk": 58, "fields": {"action_time": "2024-10-04T12:03:47.689Z", "user": 1, "content_type": 10, "object_id": "1", "object_repr": "natan", "action_flag": 1, "change_message": "[{\"added\": {}}]"}}, {"model": "admin.logentry", "pk": 59, "fields": {"action_time": "2024-10-04T12:12:20.698Z", "user": 1, "content_type": 13, "object_id": "1", "object_repr": "ItensPedido object (1)", "action_flag": 1, "change_message": "[{\"added\": {}}]"}}, {"model": "admin.logentry", "pk": 60, "fields": {"action_time": "2024-10-04T12:12:29.919Z", "user": 1, "content_type": 13, "object_id": "1", "object_repr": "ItensPedido object (1)", "action_flag": 3, "change_message": ""}}, {"model": "admin.logentry", "pk": 61, "fields": {"action_time": "2024-10-04T12:16:51.482Z", "user": 1, "content_type": 13, "object_id": "2", "object_repr": "iPhone 15 Pro Max Cor: azul", "action_flag": 1, "change_message": "[{\"added\": {}}]"}}, {"model": "admin.logentry", "pk": 62, "fields": {"action_time": "2024-10-04T12:40:48.652Z", "user": 1, "content_type": 8, "object_id": "6", "object_repr": "iPhone 15 Pro Max Cor: cinza", "action_flag": 2, "change_message": "[{\"changed\": {\"fields\": [\"Modelo\"]}}]"}}, {"model": "admin.logentry", "pk": 63, "fields": {"action_time": "2024-10-04T13:02:56.219Z", "user": 1, "content_type": 8, "object_id": "5", "object_repr": "iPhone 15 Pro Max Cor: azul", "action_flag": 2, "change_message": "[{\"changed\": {\"fields\": [\"Modelo\"]}}]"}}, {"model": "admin.logentry", "pk": 64, "fields": {"action_time": "2024-10-04T13:05:05.247Z", "user": 1, "content_type": 13, "object_id": "3", "object_repr": "id_pedido [ 3 ] - produto [ iPhone 15 Pro Max, preto, 512 GB ]", "action_flag": 1, "change_message": "[{\"added\": {}}]"}}, {"model": "admin.logentry", "pk": 65, "fields": {"action_time": "2024-10-04T13:05:12.117Z", "user": 1, "content_type": 8, "object_id": "4", "object_repr": "iPhone 15 Pro Max Cor: preto", "action_flag": 2, "change_message": "[]"}}, {"model": "admin.logentry", "pk": 66, "fields": {"action_time": "2024-10-04T13:06:02.620Z", "user": 1, "content_type": 13, "object_id": "2", "object_repr": "id_pedido [ 2 ] - produto [ iPhone 15 Pro Max, azul, 512GB ]", "action_flag": 2, "change_message": "[{\"changed\": {\"fields\": [\"Quantidade\"]}}]"}}, {"model": "admin.logentry", "pk": 67, "fields": {"action_time": "2024-10-04T13:21:57.929Z", "user": 1, "content_type": 13, "object_id": "3", "object_repr": "id_pedido [ 3 ] - produto [ iPhone 15 Pro Max, preto, 512 GB ]", "action_flag": 2, "change_message": "[{\"changed\": {\"fields\": [\"Quantidade\"]}}]"}}, {"model": "admin.logentry", "pk": 68, "fields": {"action_time": "2024-10-04T13:22:01.117Z", "user": 1, "content_type": 13, "object_id": "2", "object_repr": "id_pedido [ 2 ] - produto [ iPhone 15 Pro Max, azul, 512GB ]", "action_flag": 2, "change_message": "[{\"changed\": {\"fields\": [\"Quantidade\"]}}]"}}, {"model": "admin.logentry", "pk": 69, "fields": {"action_time": "2024-10-04T13:39:18.186Z", "user": 1, "content_type": 8, "object_id": "6", "object_repr": "iPhone 15 Pro Max Cor: cinza", "action_flag": 2, "change_message": "[]"}}, {"model": "admin.logentry", "pk": 70, "fields": {"action_time": "2024-10-04T13:39:24.044Z", "user": 1, "content_type": 8, "object_id": "3", "object_repr": "iPhone 15 Pro Max Cor: branco", "action_flag": 2, "change_message": "[{\"changed\": {\"fields\": [\"Modelo\"]}}]"}}, {"model": "admin.logentry", "pk": 71, "fields": {"action_time": "2024-10-04T22:25:58.083Z", "user": 1, "content_type": 8, "object_id": "2", "object_repr": "Fone De Ouvido Sem Fio AirPods Pro Inpods 13 Bluetooth 5.0 Com Microfone Cor: preto", "action_flag": 2, "change_message": "[{\"changed\": {\"fields\": [\"Modelo\"]}}]"}}, {"model": "admin.logentry", "pk": 72, "fields": {"action_time": "2024-10-04T22:26:02.845Z", "user": 1, "content_type": 8, "object_id": "1", "object_repr": "Fone De Ouvido Sem Fio AirPods Pro Inpods 13 Bluetooth 5.0 Com Microfone Cor: branco", "action_flag": 2, "change_message": "[{\"changed\": {\"fields\": [\"Modelo\"]}}]"}}, {"model": "admin.logentry", "pk": 73, "fields": {"action_time": "2024-10-05T01:28:31.537Z", "user": 1, "content_type": 8, "object_id": "7", "object_repr": "Caixa JBL Boombox 3 Preta, 200W RMS, Wi-Fi, Bluetooth, IP67 à Prova D'água, JBLBB3WIFIBLKBR, HARMAN JBL Cor: preto", "action_flag": 1, "change_message": "[{\"added\": {}}]"}}, {"model": "admin.logentry", "pk": 74, "fields": {"action_time": "2024-10-07T01:29:46.860Z", "user": 1, "content_type": 11, "object_id": "1", "object_repr": "Endereco object (1)", "action_flag": 1, "change_message": "[{\"added\": {}}]"}}, {"model": "admin.logentry", "pk": 75, "fields": {"action_time": "2024-10-07T01:30:49.657Z", "user": 1, "content_type": 11, "object_id": "2", "object_repr": "Endereco object (2)", "action_flag": 1, "change_message": "[{\"added\": {}}]"}}, {"model": "admin.logentry", "pk": 76, "fields": {"action_time": "2024-10-07T01:32:33.108Z", "user": 1, "content_type": 11, "object_id": "1", "object_repr": "Endereço 1 de: natandossn@gmail.com", "action_flag": 2, "change_message": "[]"}}, {"model": "admin.logentry", "pk": 77, "fields": {"action_time": "2024-10-07T02:29:54.574Z", "user": 1, "content_type": 11, "object_id": "4", "object_repr": "Endereço [4] de: natandossn@gmail.com - 87908987", "action_flag": 3, "change_message": ""}}, {"model": "admin.logentry", "pk": 78, "fields": {"action_time": "2024-10-10T22:34:46.398Z", "user": 1, "content_type": 14, "object_id": "7", "object_repr": "Nome: iPhone 13 Pro Max (128 GB), Categoria: smartphones, Tipo: Iphone, Preço: 10000.00", "action_flag": 2, "change_message": "[{\"changed\": {\"fields\": [\"Imagem\"]}}]"}}, {"model": "admin.logentry", "pk": 79, "fields": {"action_time": "2024-10-10T22:34:54.617Z", "user": 1, "content_type": 14, "object_id": "7", "object_repr": "Nome: iPhone 13 Pro Max (128 GB), Categoria: smartphones, Tipo: Iphone, Preço: 10000.00", "action_flag": 2, "change_message": "[{\"changed\": {\"fields\": [\"Imagem\"]}}]"}}, {"model": "admin.logentry", "pk": 80, "fields": {"action_time": "2024-10-10T22:34:58.843Z", "user": 1, "content_type": 14, "object_id": "8", "object_repr": "Nome: iPhone 14 Apple (128GB), Categoria: smartphones, Tipo: Iphone, Preço: 5000.00", "action_flag": 2, "change_message": "[{\"changed\": {\"fields\": [\"Imagem\"]}}]"}}, {"model": "admin.logentry", "pk": 81, "fields": {"action_time": "2024-10-10T22:35:05.637Z", "user": 1, "content_type": 14, "object_id": "8", "object_repr": "Nome: iPhone 14 Apple (128GB), Categoria: smartphones, Tipo: Iphone, Preço: 5000.00", "action_flag": 2, "change_message": "[{\"changed\": {\"fields\": [\"Imagem\"]}}]"}}, {"model": "admin.logentry", "pk": 82, "fields": {"action_time": "2024-10-10T22:43:37.410Z", "user": 1, "content_type": 8, "object_id": "8", "object_repr": "iPhone 14 Apple (128GB) Cor: branco", "action_flag": 1, "change_message": "[{\"added\": {}}]"}}, {"model": "admin.logentry", "pk": 83, "fields": {"action_time": "2024-10-10T22:43:55.420Z", "user": 1, "content_type": 8, "object_id": "9", "object_repr": "iPhone 13 Pro Max (128 GB) Cor: branco", "action_flag": 1, "change_message": "[{\"added\": {}}]"}}, {"model": "admin.logentry", "pk": 84, "fields": {"action_time": "2024-10-10T22:46:30.274Z", "user": 1, "content_type": 14, "object_id": "9", "object_repr": "Nome: Iphone 12, Categoria: smartphones, Tipo: Iphone, Preço: 2000", "action_flag": 1, "change_message": "[{\"added\": {}}]"}}, {"model": "admin.logentry", "pk": 85, "fields": {"action_time": "2024-10-10T22:46:48.097Z", "user": 1, "content_type": 14, "object_id": "10", "object_repr": "Nome: Iphone 11, Categoria: smartphones, Tipo: Iphone, Preço: 2000", "action_flag": 1, "change_message": "[{\"added\": {}}]"}}, {"model": "admin.logentry", "pk": 86, "fields": {"action_time": "2024-10-10T22:47:52.429Z", "user": 1, "content_type": 8, "object_id": "10", "object_repr": "Iphone 12 Cor: branco", "action_flag": 1, "change_message": "[{\"added\": {}}]"}}, {"model": "admin.logentry", "pk": 87, "fields": {"action_time": "2024-10-10T22:48:02.834Z", "user": 1, "content_type": 8, "object_id": "11", "object_repr": "Iphone 11 Cor: branco", "action_flag": 1, "change_message": "[{\"added\": {}}]"}}, {"model": "admin.logentry", "pk": 88, "fields": {"action_time": "2024-10-10T22:49:34.770Z", "user": 1, "content_type": 9, "object_id": "5", "object_repr": "iphone11", "action_flag": 1, "change_message": "[{\"added\": {}}]"}}, {"model": "admin.logentry", "pk": 89, "fields": {"action_time": "2024-10-10T22:49:41.270Z", "user": 1, "content_type": 9, "object_id": "6", "object_repr": "Iphone 12", "action_flag": 1, "change_message": "[{\"added\": {}}]"}}, {"model": "admin.logentry", "pk": 90, "fields": {"action_time": "2024-10-10T22:49:48.244Z", "user": 1, "content_type": 9, "object_id": "7", "object_repr": "Iphone 13", "action_flag": 1, "change_message": "[{\"added\": {}}]"}}, {"model": "admin.logentry", "pk": 91, "fields": {"action_time": "2024-10-10T22:49:56.193Z", "user": 1, "content_type": 9, "object_id": "8", "object_repr": "Iphone 14", "action_flag": 1, "change_message": "[{\"added\": {}}]"}}, {"model": "admin.logentry", "pk": 92, "fields": {"action_time": "2024-10-10T22:50:02.968Z", "user": 1, "content_type": 9, "object_id": "9", "object_repr": "iphone15", "action_flag": 1, "change_message": "[{\"added\": {}}]"}}, {"model": "admin.logentry", "pk": 93, "fields": {"action_time": "2024-10-10T22:50:21.612Z", "user": 1, "content_type": 8, "object_id": "11", "object_repr": "Iphone 11 Cor: branco", "action_flag": 2, "change_message": "[]"}}, {"model": "admin.logentry", "pk": 94, "fields": {"action_time": "2024-10-10T22:50:33.208Z", "user": 1, "content_type": 14, "object_id": "10", "object_repr": "Nome: Iphone 11, Categoria: smartphones, Tipo: iphone11, Preço: 2000.00", "action_flag": 2, "change_message": "[{\"changed\": {\"fields\": [\"Tipo\"]}}]"}}, {"model": "admin.logentry", "pk": 95, "fields": {"action_time": "2024-10-10T22:50:38.296Z", "user": 1, "content_type": 14, "object_id": "9", "object_repr": "Nome: Iphone 12, Categoria: smartphones, Tipo: Iphone 12, Preço: 2000.00", "action_flag": 2, "change_message": "[{\"changed\": {\"fields\": [\"Tipo\"]}}]"}}, {"model": "admin.logentry", "pk": 96, "fields": {"action_time": "2024-10-10T22:50:41.838Z", "user": 1, "content_type": 14, "object_id": "8", "object_repr": "Nome: iPhone 14 Apple (128GB), Categoria: smartphones, Tipo: Iphone 14, Preço: 5000.00", "action_flag": 2, "change_message": "[{\"changed\": {\"fields\": [\"Tipo\"]}}]"}}, {"model": "admin.logentry", "pk": 97, "fields": {"action_time": "2024-10-10T22:50:46.736Z", "user": 1, "content_type": 14, "object_id": "7", "object_repr": "Nome: iPhone 13 Pro Max (128 GB), Categoria: smartphones, Tipo: Iphone 13, Preço: 10000.00", "action_flag": 2, "change_message": "[{\"changed\": {\"fields\": [\"Tipo\"]}}]"}}, {"model": "admin.logentry", "pk": 98, "fields": {"action_time": "2024-10-10T22:50:51.744Z", "user": 1, "content_type": 14, "object_id": "1", "object_repr": "Nome: iPhone 15 Pro Max, Categoria: smartphones, Tipo: iphone15, Preço: 2500.00", "action_flag": 2, "change_message": "[{\"changed\": {\"fields\": [\"Tipo\"]}}]"}}, {"model": "admin.logentry", "pk": 99, "fields": {"action_time": "2024-10-10T22:51:05.454Z", "user": 1, "content_type": 9, "object_id": "1", "object_repr": "Iphone", "action_flag": 3, "change_message": ""}}, {"model": "admin.logentry", "pk": 100, "fields": {"action_time": "2024-10-10T23:05:43.641Z", "user": 1, "content_type": 9, "object_id": "8", "object_repr": "iphone 14", "action_flag": 2, "change_message": "[{\"changed\": {\"fields\": [\"Nome\"]}}]"}}, {"model": "admin.logentry", "pk": 101, "fields": {"action_time": "2024-10-10T23:05:47.537Z", "user": 1, "content_type": 9, "object_id": "7", "object_repr": "iphone 13", "action_flag": 2, "change_message": "[{\"changed\": {\"fields\": [\"Nome\"]}}]"}}, {"model": "admin.logentry", "pk": 102, "fields": {"action_time": "2024-10-10T23:05:51.488Z", "user": 1, "content_type": 9, "object_id": "6", "object_repr": "iphone 12", "action_flag": 2, "change_message": "[{\"changed\": {\"fields\": [\"Nome\"]}}]"}}, {"model": "admin.logentry", "pk": 103, "fields": {"action_time": "2024-10-10T23:06:05.656Z", "user": 1, "content_type": 9, "object_id": "8", "object_repr": "iphone14", "action_flag": 2, "change_message": "[{\"changed\": {\"fields\": [\"Nome\"]}}]"}}, {"model": "admin.logentry", "pk": 104, "fields": {"action_time": "2024-10-10T23:06:08.788Z", "user": 1, "content_type": 9, "object_id": "7", "object_repr": "iphone13", "action_flag": 2, "change_message": "[{\"changed\": {\"fields\": [\"Nome\"]}}]"}}, {"model": "admin.logentry", "pk": 105, "fields": {"action_time": "2024-10-10T23:06:12.353Z", "user": 1, "content_type": 9, "object_id": "6", "object_repr": "iphone12", "action_flag": 2, "change_message": "[{\"changed\": {\"fields\": [\"Nome\"]}}]"}}, {"model": "admin.logentry", "pk": 106, "fields": {"action_time": "2024-10-10T23:12:32.256Z", "user": 1, "content_type": 7, "object_id": "5", "object_repr": "Smartphones", "action_flag": 2, "change_message": "[{\"changed\": {\"fields\": [\"Nome\", \"Slug\"]}}]"}}, {"model": "admin.logentry", "pk": 107, "fields": {"action_time": "2024-10-10T23:12:45.706Z", "user": 1, "content_type": 7, "object_id": "2", "object_repr": "Fones_de_ouvido", "action_flag": 2, "change_message": "[{\"changed\": {\"fields\": [\"Nome\", \"Slug\"]}}]"}}, {"model": "admin.logentry", "pk": 108, "fields": {"action_time": "2024-10-10T23:12:54.109Z", "user": 1, "content_type": 7, "object_id": "4", "object_repr": "Capinhas", "action_flag": 2, "change_message": "[{\"changed\": {\"fields\": [\"Nome\", \"Slug\"]}}]"}}, {"model": "admin.logentry", "pk": 109, "fields": {"action_time": "2024-10-10T23:13:02.527Z", "user": 1, "content_type": 7, "object_id": "6", "object_repr": "Caixa_som", "action_flag": 2, "change_message": "[{\"changed\": {\"fields\": [\"Nome\", \"Slug\"]}}]"}}, {"model": "admin.logentry", "pk": 110, "fields": {"action_time": "2024-10-10T23:13:08.015Z", "user": 1, "content_type": 7, "object_id": "3", "object_repr": "Carregadores", "action_flag": 2, "change_message": "[{\"changed\": {\"fields\": [\"Nome\", \"Slug\"]}}]"}}, {"model": "admin.logentry", "pk": 111, "fields": {"action_time": "2024-10-10T23:13:45.221Z", "user": 1, "content_type": 7, "object_id": "2", "object_repr": "Fones de ouvido", "action_flag": 2, "change_message": "[{\"changed\": {\"fields\": [\"Nome\", \"Slug\"]}}]"}}, {"model": "admin.logentry", "pk": 112, "fields": {"action_time": "2024-10-10T23:13:54.189Z", "user": 1, "content_type": 7, "object_id": "6", "object_repr": "Caixa de som", "action_flag": 2, "change_message": "[{\"changed\": {\"fields\": [\"Nome\", \"Slug\"]}}]"}}, {"model": "admin.logentry", "pk": 113, "fields": {"action_time": "2024-10-10T23:14:58.304Z", "user": 1, "content_type": 7, "object_id": "6", "object_repr": "Caixa de som", "action_flag": 2, "change_message": "[{\"changed\": {\"fields\": [\"Slug\"]}}]"}}, {"model": "admin.logentry", "pk": 114, "fields": {"action_time": "2024-10-10T23:15:04.721Z", "user": 1, "content_type": 7, "object_id": "2", "object_repr": "Fones de ouvido", "action_flag": 2, "change_message": "[{\"changed\": {\"fields\": [\"Slug\"]}}]"}}, {"model": "admin.logentry", "pk": 115, "fields": {"action_time": "2024-10-10T23:16:20.552Z", "user": 1, "content_type": 14, "object_id": "10", "object_repr": "Nome: Iphone 11, Categoria: Smartphones, Tipo: iphone11, Preço: 2000.00", "action_flag": 2, "change_message": "[]"}}, {"model": "admin.logentry", "pk": 116, "fields": {"action_time": "2024-10-10T23:16:48.351Z", "user": 1, "content_type": 8, "object_id": "10", "object_repr": "Iphone 12 Cor: branco", "action_flag": 2, "change_message": "[]"}}, {"model": "admin.logentry", "pk": 117, "fields": {"action_time": "2024-10-10T23:33:58.996Z", "user": 1, "content_type": 9, "object_id": "9", "object_repr": "Iphone15", "action_flag": 2, "change_message": "[{\"changed\": {\"fields\": [\"Nome\", \"Slug\"]}}]"}}, {"model": "admin.logentry", "pk": 118, "fields": {"action_time": "2024-10-10T23:34:04.932Z", "user": 1, "content_type": 9, "object_id": "8", "object_repr": "iphone14", "action_flag": 2, "change_message": "[{\"changed\": {\"fields\": [\"Slug\"]}}]"}}, {"model": "admin.logentry", "pk": 119, "fields": {"action_time": "2024-10-10T23:34:09.217Z", "user": 1, "content_type": 9, "object_id": "8", "object_repr": "Iphone14", "action_flag": 2, "change_message": "[{\"changed\": {\"fields\": [\"Nome\"]}}]"}}, {"model": "admin.logentry", "pk": 120, "fields": {"action_time": "2024-10-10T23:34:24.866Z", "user": 1, "content_type": 9, "object_id": "7", "object_repr": "Iphone13", "action_flag": 2, "change_message": "[{\"changed\": {\"fields\": [\"Nome\", \"Slug\"]}}]"}}, {"model": "admin.logentry", "pk": 121, "fields": {"action_time": "2024-10-10T23:34:32.746Z", "user": 1, "content_type": 9, "object_id": "6", "object_repr": "Iphone12", "action_flag": 2, "change_message": "[{\"changed\": {\"fields\": [\"Nome\", \"Slug\"]}}]"}}, {"model": "admin.logentry", "pk": 122, "fields": {"action_time": "2024-10-10T23:34:42.976Z", "user": 1, "content_type": 9, "object_id": "5", "object_repr": "Iphone11", "action_flag": 2, "change_message": "[{\"changed\": {\"fields\": [\"Nome\", \"Slug\"]}}]"}}, {"model": "admin.logentry", "pk": 123, "fields": {"action_time": "2024-10-10T23:36:21.930Z", "user": 1, "content_type": 9, "object_id": "3", "object_repr": "Airpods", "action_flag": 2, "change_message": "[{\"changed\": {\"fields\": [\"Nome\", \"Slug\"]}}]"}}, {"model": "admin.logentry", "pk": 124, "fields": {"action_time": "2024-10-10T23:36:39.573Z", "user": 1, "content_type": 9, "object_id": "4", "object_repr": "Jbl", "action_flag": 2, "change_message": "[{\"changed\": {\"fields\": [\"Nome\", \"Slug\"]}}]"}}, {"model": "admin.logentry", "pk": 125, "fields": {"action_time": "2024-10-12T15:09:15.531Z", "user": 1, "content_type": 8, "object_id": "2", "object_repr": "Fone De Ouvido Sem Fio AirPods Pro Inpods 13 Bluetooth 5.0 Com Microfone - Cor: preto - Modelo: AirPod", "action_flag": 2, "change_message": "[]"}}, {"model": "admin.logentry", "pk": 126, "fields": {"action_time": "2024-10-12T15:09:20.836Z", "user": 1, "content_type": 14, "object_id": "10", "object_repr": "Nome: Iphone 11, Categoria: Smartphones, Tipo: Iphone11, Preço: 2000.00", "action_flag": 2, "change_message": "[]"}}, {"model": "admin.logentry", "pk": 127, "fields": {"action_time": "2024-10-12T15:09:22.460Z", "user": 1, "content_type": 14, "object_id": "9", "object_repr": "Nome: Iphone 12, Categoria: Smartphones, Tipo: Iphone12, Preço: 2000.00", "action_flag": 2, "change_message": "[]"}}, {"model": "admin.logentry", "pk": 128, "fields": {"action_time": "2024-10-12T15:09:23.806Z", "user": 1, "content_type": 14, "object_id": "8", "object_repr": "Nome: iPhone 14 Apple (128GB), Categoria: Smartphones, Tipo: Iphone14, Preço: 5000.00", "action_flag": 2, "change_message": "[]"}}, {"model": "admin.logentry", "pk": 129, "fields": {"action_time": "2024-10-12T15:09:25.694Z", "user": 1, "content_type": 14, "object_id": "5", "object_repr": "Nome: Fone De Ouvido Sem Fio AirPods Pro Inpods 13 Bluetooth 5.0 Com Microfone, Categoria: Fones de ouvido, Tipo: Airpods, Preço: 50.00", "action_flag": 2, "change_message": "[]"}}, {"model": "admin.logentry", "pk": 130, "fields": {"action_time": "2024-10-12T15:09:27.050Z", "user": 1, "content_type": 14, "object_id": "4", "object_repr": "Nome: Fone De Ouvido Sem Fio AirPods Pro Inpods 13 Bluetooth 5.0 Com Microfone, Categoria: Fones de ouvido, Tipo: Airpods, Preço: 50.00", "action_flag": 2, "change_message": "[]"}}, {"model": "admin.logentry", "pk": 131, "fields": {"action_time": "2024-10-12T15:09:29.388Z", "user": 1, "content_type": 14, "object_id": "3", "object_repr": "Nome: Caixa JBL Boombox 3 Preta, 200W RMS, Wi-Fi, Bluetooth, IP67 à Prova D'água, JBLBB3WIFIBLKBR, HARMAN JBL, Categoria: Caixa de som, Tipo: Jbl, Preço: 3000.00", "action_flag": 2, "change_message": "[]"}}, {"model": "admin.logentry", "pk": 132, "fields": {"action_time": "2024-10-12T15:09:31.135Z", "user": 1, "content_type": 14, "object_id": "2", "object_repr": "Nome: Apple Airpods Pro 2nd generation MTJV3AM/A, Categoria: Fones de ouvido, Tipo: Airpods, Preço: 1700.00", "action_flag": 2, "change_message": "[]"}}, {"model": "admin.logentry", "pk": 133, "fields": {"action_time": "2024-10-12T15:09:33.067Z", "user": 1, "content_type": 14, "object_id": "1", "object_repr": "Nome: iPhone 15 Pro Max, Categoria: Smartphones, Tipo: Iphone15, Preço: 2500.00", "action_flag": 2, "change_message": "[]"}}, {"model": "admin.logentry", "pk": 134, "fields": {"action_time": "2024-10-12T15:09:40.174Z", "user": 1, "content_type": 8, "object_id": "7", "object_repr": "Caixa JBL Boombox 3 Preta, 200W RMS, Wi-Fi, Bluetooth, IP67 à Prova D'água, JBLBB3WIFIBLKBR, HARMAN JBL - Cor: preto - Modelo: KOSAK", "action_flag": 2, "change_message": "[]"}}, {"model": "admin.logentry", "pk": 135, "fields": {"action_time": "2024-10-12T15:09:44.179Z", "user": 1, "content_type": 8, "object_id": "2", "object_repr": "Fone De Ouvido Sem Fio AirPods Pro Inpods 13 Bluetooth 5.0 Com Microfone - Cor: preto - Modelo: AirPod", "action_flag": 2, "change_message": "[]"}}, {"model": "admin.logentry", "pk": 136, "fields": {"action_time": "2024-10-12T15:10:34.903Z", "user": 1, "content_type": 8, "object_id": "12", "object_repr": "Apple Airpods Pro 2nd generation MTJV3AM/A - Cor: branco - Modelo: AirPod", "action_flag": 1, "change_message": "[{\"added\": {}}]"}}, {"model": "admin.logentry", "pk": 137, "fields": {"action_time": "2024-10-12T15:11:01.546Z", "user": 1, "content_type": 8, "object_id": "12", "object_repr": "Apple Airpods Pro 2nd generation MTJV3AM/A - Cor: branco - Modelo: AirPod", "action_flag": 2, "change_message": "[]"}}, {"model": "admin.logentry", "pk": 138, "fields": {"action_time": "2024-10-12T15:11:25.224Z", "user": 1, "content_type": 14, "object_id": "4", "object_repr": "Nome: Fone De Ouvido Sem Fio AirPods Pro Inpods 13 Bluetooth 5.0 Com Microfone, Categoria: Fones de ouvido, Tipo: Airpods, Preço: 30.00", "action_flag": 2, "change_message": "[{\"changed\": {\"fields\": [\"Preco\"]}}]"}}, {"model": "admin.logentry", "pk": 139, "fields": {"action_time": "2024-10-12T15:25:02.926Z", "user": 1, "content_type": 8, "object_id": "4", "object_repr": "iPhone 15 Pro Max - Cor: preto - Modelo: 512GB", "action_flag": 2, "change_message": "[{\"changed\": {\"fields\": [\"Modelo\"]}}]"}}, {"model": "admin.logentry", "pk": 140, "fields": {"action_time": "2024-10-12T18:02:21.250Z", "user": 1, "content_type": 9, "object_id": "9", "object_repr": "Iphone15", "action_flag": 2, "change_message": "[{\"changed\": {\"fields\": [\"Categoria\"]}}]"}}, {"model": "admin.logentry", "pk": 141, "fields": {"action_time": "2024-10-12T18:02:30.091Z", "user": 1, "content_type": 9, "object_id": "3", "object_repr": "Airpods", "action_flag": 2, "change_message": "[{\"changed\": {\"fields\": [\"Categoria\"]}}]"}}, {"model": "admin.logentry", "pk": 142, "fields": {"action_time": "2024-10-12T18:02:35.662Z", "user": 1, "content_type": 9, "object_id": "4", "object_repr": "Jbl", "action_flag": 2, "change_message": "[{\"changed\": {\"fields\": [\"Categoria\"]}}]"}}, {"model": "admin.logentry", "pk": 143, "fields": {"action_time": "2024-10-12T18:02:39.840Z", "user": 1, "content_type": 9, "object_id": "8", "object_repr": "Iphone14", "action_flag": 2, "change_message": "[{\"changed\": {\"fields\": [\"Categoria\"]}}]"}}, {"model": "admin.logentry", "pk": 144, "fields": {"action_time": "2024-10-12T18:02:43.766Z", "user": 1, "content_type": 9, "object_id": "7", "object_repr": "Iphone13", "action_flag": 2, "change_message": "[{\"changed\": {\"fields\": [\"Categoria\"]}}]"}}, {"model": "admin.logentry", "pk": 145, "fields": {"action_time": "2024-10-12T18:02:47.061Z", "user": 1, "content_type": 9, "object_id": "5", "object_repr": "Iphone11", "action_flag": 2, "change_message": "[{\"changed\": {\"fields\": [\"Categoria\"]}}]"}}, {"model": "admin.logentry", "pk": 146, "fields": {"action_time": "2024-10-12T18:02:50.548Z", "user": 1, "content_type": 9, "object_id": "6", "object_repr": "Iphone12", "action_flag": 2, "change_message": "[{\"changed\": {\"fields\": [\"Categoria\"]}}]"}}, {"model": "admin.logentry", "pk": 147, "fields": {"action_time": "2024-10-12T18:02:52.736Z", "user": 1, "content_type": 9, "object_id": "7", "object_repr": "Iphone13", "action_flag": 2, "change_message": "[]"}}, {"model": "admin.logentry", "pk": 148, "fields": {"action_time": "2024-10-12T18:29:24.590Z", "user": 1, "content_type": 9, "object_id": "9", "object_repr": "Iphone15", "action_flag": 2, "change_message": "[]"}}, {"model": "admin.logentry", "pk": 149, "fields": {"action_time": "2024-10-12T18:30:27.976Z", "user": 1, "content_type": 14, "object_id": "11", "object_repr": "Nome: Iphone 14, Categoria: Smartphones, Tipo: Iphone14, Preço: 4000", "action_flag": 1, "change_message": "[{\"added\": {}}]"}}, {"model": "admin.logentry", "pk": 150, "fields": {"action_time": "2024-10-12T18:30:44.953Z", "user": 1, "content_type": 8, "object_id": "13", "object_repr": "Iphone 14 - Cor: branco - Modelo: 1TB", "action_flag": 1, "change_message": "[{\"added\": {}}]"}}, {"model": "admin.logentry", "pk": 151, "fields": {"action_time": "2024-10-12T18:34:34.371Z", "user": 1, "content_type": 14, "object_id": "8", "object_repr": "Nome: iPhone 14 Apple, Categoria: Smartphones, Tipo: Iphone14, Preço: 5000.00", "action_flag": 2, "change_message": "[{\"changed\": {\"fields\": [\"Nome\"]}}]"}}, {"model": "admin.logentry", "pk": 152, "fields": {"action_time": "2024-10-12T18:34:42.187Z", "user": 1, "content_type": 14, "object_id": "7", "object_repr": "Nome: iPhone 13 Pro Max, Categoria: Smartphones, Tipo: Iphone13, Preço: 10000.00", "action_flag": 2, "change_message": "[{\"changed\": {\"fields\": [\"Nome\"]}}]"}}, {"model": "admin.logentry", "pk": 153, "fields": {"action_time": "2024-10-14T01:51:37.746Z", "user": 1, "content_type": 12, "object_id": "1", "object_repr": "id_pedido [ 1 ] - natandossn@gmail.com - finalizado [ True ] ", "action_flag": 2, "change_message": "[{\"changed\": {\"fields\": [\"Finalizado\"]}}]"}}, {"model": "admin.logentry", "pk": 154, "fields": {"action_time": "2024-10-14T01:51:41.548Z", "user": 1, "content_type": 12, "object_id": "2", "object_repr": "id_pedido [ 2 ] - cliente anônimo - finalizado [ True ] ", "action_flag": 2, "change_message": "[{\"changed\": {\"fields\": [\"Finalizado\"]}}]"}}, {"model": "admin.logentry", "pk": 155, "fields": {"action_time": "2024-10-14T01:57:18.186Z", "user": 1, "content_type": 12, "object_id": "6", "object_repr": "id_pedido [ 6 ] - natandossn@gmail.com - finalizado [ True ] ", "action_flag": 2, "change_message": "[{\"changed\": {\"fields\": [\"Finalizado\"]}}]"}}, {"model": "admin.logentry", "pk": 156, "fields": {"action_time": "2024-10-14T02:06:37.761Z", "user": 1, "content_type": 12, "object_id": "7", "object_repr": "id_pedido [ 7 ] - natandossn@gmail.com - finalizado [ True ] ", "action_flag": 2, "change_message": "[{\"changed\": {\"fields\": [\"Finalizado\"]}}]"}}, {"model": "admin.logentry", "pk": 157, "fields": {"action_time": "2024-10-14T02:06:41.044Z", "user": 1, "content_type": 12, "object_id": "5", "object_repr": "id_pedido [ 5 ] - cliente anônimo - finalizado [ True ] ", "action_flag": 2, "change_message": "[{\"changed\": {\"fields\": [\"Finalizado\"]}}]"}}, {"model": "admin.logentry", "pk": 158, "fields": {"action_time": "2024-10-14T02:06:45.402Z", "user": 1, "content_type": 12, "object_id": "4", "object_repr": "id_pedido [ 4 ] - cliente anônimo - finalizado [ True ] ", "action_flag": 2, "change_message": "[{\"changed\": {\"fields\": [\"Finalizado\"]}}]"}}, {"model": "admin.logentry", "pk": 159, "fields": {"action_time": "2024-10-14T02:06:50.406Z", "user": 1, "content_type": 12, "object_id": "3", "object_repr": "id_pedido [ 3 ] - cliente anônimo - finalizado [ True ] ", "action_flag": 2, "change_message": "[{\"changed\": {\"fields\": [\"Finalizado\"]}}]"}}, {"model": "admin.logentry", "pk": 160, "fields": {"action_time": "2024-10-14T02:20:57.820Z", "user": 1, "content_type": 12, "object_id": "8", "object_repr": "id_pedido [ 8 ] - natandossn@gmail.com - finalizado [ True ] ", "action_flag": 2, "change_message": "[{\"changed\": {\"fields\": [\"Finalizado\"]}}]"}}, {"model": "admin.logentry", "pk": 161, "fields": {"action_time": "2024-10-14T02:21:06.024Z", "user": 1, "content_type": 13, "object_id": "23", "object_repr": "id_pedido [ 23 ] - produto [ Iphone 14, branco, 1TB ]", "action_flag": 2, "change_message": "[]"}}, {"model": "admin.logentry", "pk": 162, "fields": {"action_time": "2024-10-14T12:37:01.582Z", "user": 1, "content_type": 4, "object_id": "1", "object_repr": "natandossn@gmail.com", "action_flag": 2, "change_message": "[{\"changed\": {\"fields\": [\"Username\"]}}]"}}, {"model": "admin.logentry", "pk": 163, "fields": {"action_time": "2024-10-14T13:28:45.521Z", "user": 1, "content_type": 4, "object_id": "5", "object_repr": "natan@gmail", "action_flag": 3, "change_message": ""}}, {"model": "admin.logentry", "pk": 164, "fields": {"action_time": "2024-10-14T13:28:50.343Z", "user": 1, "content_type": 4, "object_id": "2", "object_repr": "natan@gmail.com", "action_flag": 3, "change_message": ""}}, {"model": "admin.logentry", "pk": 165, "fields": {"action_time": "2024-10-14T13:28:54.769Z", "user": 1, "content_type": 4, "object_id": "3", "object_repr": "roni@gmail.com", "action_flag": 3, "change_message": ""}}, {"model": "admin.logentry", "pk": 166, "fields": {"action_time": "2024-10-14T13:28:58.029Z", "user": 1, "content_type": 4, "object_id": "4", "object_repr": "teste@gmail.com", "action_flag": 3, "change_message": ""}}, {"model": "admin.logentry", "pk": 167, "fields": {"action_time": "2024-10-16T22:26:00.583Z", "user": 1, "content_type": 7, "object_id": "4", "object_repr": "SmartWatch", "action_flag": 2, "change_message": "[{\"changed\": {\"fields\": [\"Nome\", \"Slug\"]}}]"}}, {"model": "admin.logentry", "pk": 168, "fields": {"action_time": "2024-10-16T22:27:07.038Z", "user": 1, "content_type": 15, "object_id": "5", "object_repr": "caixadesom - Ativo: True", "action_flag": 2, "change_message": "[{\"changed\": {\"fields\": [\"Link destino\"]}}]"}}, {"model": "admin.logentry", "pk": 169, "fields": {"action_time": "2024-10-16T22:27:24.513Z", "user": 1, "content_type": 15, "object_id": "6", "object_repr": "smart-watch - Ativo: False", "action_flag": 1, "change_message": "[{\"added\": {}}]"}}, {"model": "admin.logentry", "pk": 170, "fields": {"action_time": "2024-10-16T22:27:27.621Z", "user": 1, "content_type": 15, "object_id": "6", "object_repr": "smart-watch - Ativo: True", "action_flag": 2, "change_message": "[{\"changed\": {\"fields\": [\"Ativo\"]}}]"}}, {"model": "admin.logentry", "pk": 171, "fields": {"action_time": "2024-10-16T22:30:55.211Z", "user": 1, "content_type": 14, "object_id": "12", "object_repr": "Nome: Apple Watch Ultra 2, Categoria: SmartWatch, Tipo: None, Preço: 6000", "action_flag": 1, "change_message": "[{\"added\": {}}]"}}, {"model": "admin.logentry", "pk": 172, "fields": {"action_time": "2024-10-16T22:31:20.092Z", "user": 1, "content_type": 9, "object_id": "10", "object_repr": "Apple Watch", "action_flag": 1, "change_message": "[{\"added\": {}}]"}}, {"model": "admin.logentry", "pk": 173, "fields": {"action_time": "2024-10-16T22:31:30.943Z", "user": 1, "content_type": 14, "object_id": "12", "object_repr": "Nome: Apple Watch Ultra 2, Categoria: SmartWatch, Tipo: Apple Watch, Preço: 6000.00", "action_flag": 2, "change_message": "[{\"changed\": {\"fields\": [\"Tipo\"]}}]"}}, {"model": "admin.logentry", "pk": 174, "fields": {"action_time": "2024-10-16T22:32:31.108Z", "user": 1, "content_type": 16, "object_id": "5", "object_repr": "laranja", "action_flag": 1, "change_message": "[{\"added\": {}}]"}}, {"model": "admin.logentry", "pk": 175, "fields": {"action_time": "2024-10-16T22:32:39.793Z", "user": 1, "content_type": 8, "object_id": "14", "object_repr": "Apple Watch Ultra 2 - Cor: laranja - Modelo: None", "action_flag": 1, "change_message": "[{\"added\": {}}]"}}, {"model": "admin.logentry", "pk": 176, "fields": {"action_time": "2024-10-16T22:33:55.997Z", "user": 1, "content_type": 8, "object_id": "14", "object_repr": "Apple Watch Ultra 2 - Cor: laranja - Modelo: Apple Watch", "action_flag": 2, "change_message": "[{\"changed\": {\"fields\": [\"Modelo\"]}}]"}}, {"model": "admin.logentry", "pk": 177, "fields": {"action_time": "2024-10-16T22:35:50.015Z", "user": 1, "content_type": 9, "object_id": "10", "object_repr": "AppleWatch", "action_flag": 2, "change_message": "[{\"changed\": {\"fields\": [\"Nome\", \"Slug\"]}}]"}}, {"model": "admin.logentry", "pk": 178, "fields": {"action_time": "2024-10-16T22:35:58.740Z", "user": 1, "content_type": 9, "object_id": "9", "object_repr": "Iphone15", "action_flag": 2, "change_message": "[]"}}, {"model": "admin.logentry", "pk": 179, "fields": {"action_time": "2024-10-16T22:36:02.174Z", "user": 1, "content_type": 9, "object_id": "10", "object_repr": "AppleWatch", "action_flag": 2, "change_message": "[]"}}, {"model": "admin.logentry", "pk": 180, "fields": {"action_time": "2024-10-16T22:36:05.101Z", "user": 1, "content_type": 9, "object_id": "3", "object_repr": "Airpods", "action_flag": 2, "change_message": "[]"}}, {"model": "admin.logentry", "pk": 181, "fields": {"action_time": "2024-10-16T22:36:08.517Z", "user": 1, "content_type": 9, "object_id": "10", "object_repr": "AppleWatch", "action_flag": 2, "change_message": "[]"}}, {"model": "admin.logentry", "pk": 182, "fields": {"action_time": "2024-10-16T22:36:12.353Z", "user": 1, "content_type": 9, "object_id": "8", "object_repr": "Iphone14", "action_flag": 2, "change_message": "[]"}}, {"model": "admin.logentry", "pk": 183, "fields": {"action_time": "2024-10-16T22:36:21.723Z", "user": 1, "content_type": 7, "object_id": "4", "object_repr": "SmartWatch", "action_flag": 2, "change_message": "[{\"changed\": {\"fields\": [\"Slug\"]}}]"}}, {"model": "admin.logentry", "pk": 184, "fields": {"action_time": "2024-10-16T22:36:25.178Z", "user": 1, "content_type": 7, "object_id": "6", "object_repr": "Caixa de som", "action_flag": 2, "change_message": "[]"}}, {"model": "admin.logentry", "pk": 185, "fields": {"action_time": "2024-10-16T22:36:42.030Z", "user": 1, "content_type": 7, "object_id": "4", "object_repr": "Smart Watch", "action_flag": 2, "change_message": "[{\"changed\": {\"fields\": [\"Nome\"]}}]"}}, {"model": "admin.logentry", "pk": 186, "fields": {"action_time": "2024-10-16T22:37:37.066Z", "user": 1, "content_type": 15, "object_id": "6", "object_repr": "smartwatch - Ativo: True", "action_flag": 2, "change_message": "[{\"changed\": {\"fields\": [\"Link destino\"]}}]"}}, {"model": "admin.logentry", "pk": 187, "fields": {"action_time": "2024-10-16T22:43:47.142Z", "user": 1, "content_type": 15, "object_id": "6", "object_repr": "smartwatch - Ativo: False", "action_flag": 2, "change_message": "[{\"changed\": {\"fields\": [\"Ativo\"]}}]"}}, {"model": "admin.logentry", "pk": 188, "fields": {"action_time": "2024-10-16T22:43:52.591Z", "user": 1, "content_type": 15, "object_id": "6", "object_repr": "smartwatch - Ativo: True", "action_flag": 2, "change_message": "[{\"changed\": {\"fields\": [\"Ativo\"]}}]"}}, {"model": "admin.logentry", "pk": 189, "fields": {"action_time": "2024-10-16T22:44:40.918Z", "user": 1, "content_type": 15, "object_id": "7", "object_repr": "fonesdeouvido - Ativo: True", "action_flag": 1, "change_message": "[{\"added\": {}}]"}}, {"model": "admin.logentry", "pk": 190, "fields": {"action_time": "2024-10-16T22:48:53.011Z", "user": 1, "content_type": 14, "object_id": "13", "object_repr": "Nome: Carregador Apple MagSafe 2 de 60W, Categoria: Carregadores, Tipo: None, Preço: 863", "action_flag": 1, "change_message": "[{\"added\": {}}]"}}, {"model": "admin.logentry", "pk": 191, "fields": {"action_time": "2024-10-16T22:49:26.652Z", "user": 1, "content_type": 9, "object_id": "11", "object_repr": "Carregador MacBook Pro", "action_flag": 1, "change_message": "[{\"added\": {}}]"}}, {"model": "admin.logentry", "pk": 192, "fields": {"action_time": "2024-10-16T22:49:29.180Z", "user": 1, "content_type": 9, "object_id": "9", "object_repr": "Iphone15", "action_flag": 2, "change_message": "[]"}}, {"model": "admin.logentry", "pk": 193, "fields": {"action_time": "2024-10-16T22:49:31.137Z", "user": 1, "content_type": 9, "object_id": "3", "object_repr": "Airpods", "action_flag": 2, "change_message": "[]"}}, {"model": "admin.logentry", "pk": 194, "fields": {"action_time": "2024-10-16T22:49:37.731Z", "user": 1, "content_type": 9, "object_id": "11", "object_repr": "Carregador MacBook Pro", "action_flag": 2, "change_message": "[{\"changed\": {\"fields\": [\"Slug\"]}}]"}}, {"model": "admin.logentry", "pk": 195, "fields": {"action_time": "2024-10-16T22:49:51.908Z", "user": 1, "content_type": 9, "object_id": "11", "object_repr": "CarregadorMacBookPro", "action_flag": 2, "change_message": "[{\"changed\": {\"fields\": [\"Nome\"]}}]"}}, {"model": "admin.logentry", "pk": 196, "fields": {"action_time": "2024-10-16T22:50:21.658Z", "user": 1, "content_type": 9, "object_id": "11", "object_repr": "Carregador MacBook Pro", "action_flag": 2, "change_message": "[{\"changed\": {\"fields\": [\"Nome\"]}}]"}}, {"model": "admin.logentry", "pk": 197, "fields": {"action_time": "2024-10-16T22:50:35.483Z", "user": 1, "content_type": 9, "object_id": "11", "object_repr": "Carregador MacBook Pro", "action_flag": 2, "change_message": "[]"}}, {"model": "admin.logentry", "pk": 198, "fields": {"action_time": "2024-10-16T22:50:38.040Z", "user": 1, "content_type": 9, "object_id": "11", "object_repr": "Carregador MacBook Pro", "action_flag": 2, "change_message": "[]"}}, {"model": "admin.logentry", "pk": 199, "fields": {"action_time": "2024-10-16T22:51:19.491Z", "user": 1, "content_type": 8, "object_id": "15", "object_repr": "Carregador Apple MagSafe 2 de 60W - Cor: branco - Modelo: Carregador MacBook Pro", "action_flag": 1, "change_message": "[{\"added\": {}}]"}}, {"model": "admin.logentry", "pk": 200, "fields": {"action_time": "2024-10-16T22:51:52.163Z", "user": 1, "content_type": 8, "object_id": "15", "object_repr": "Carregador Apple MagSafe 2 de 60W - Cor: branco - Modelo: Carregador MacBook Pro", "action_flag": 2, "change_message": "[]"}}, {"model": "admin.logentry", "pk": 201, "fields": {"action_time": "2024-10-16T22:52:01.213Z", "user": 1, "content_type": 14, "object_id": "13", "object_repr": "Nome: Carregador Apple MagSafe 2 de 60W, Categoria: Carregadores, Tipo: Carregador MacBook Pro, Preço: 863.00", "action_flag": 2, "change_message": "[{\"changed\": {\"fields\": [\"Tipo\"]}}]"}}, {"model": "admin.logentry", "pk": 202, "fields": {"action_time": "2024-10-18T20:13:28.403Z", "user": 1, "content_type": 12, "object_id": "1", "object_repr": "id_pedido [ 1 ] - natandossn@gmail.com - finalizado [ True ] ", "action_flag": 2, "change_message": "[{\"changed\": {\"fields\": [\"Codigo transacao\", \"Data finalizacao\", \"Endereco\"]}}]"}}, {"model": "admin.logentry", "pk": 203, "fields": {"action_time": "2024-10-18T20:13:38.380Z", "user": 1, "content_type": 12, "object_id": "6", "object_repr": "id_pedido [ 6 ] - natandossn@gmail.com - finalizado [ True ] ", "action_flag": 2, "change_message": "[{\"changed\": {\"fields\": [\"Codigo transacao\", \"Data finalizacao\", \"Endereco\"]}}]"}}, {"model": "admin.logentry", "pk": 204, "fields": {"action_time": "2024-10-18T20:13:47.089Z", "user": 1, "content_type": 12, "object_id": "7", "object_repr": "id_pedido [ 7 ] - natandossn@gmail.com - finalizado [ True ] ", "action_flag": 2, "change_message": "[{\"changed\": {\"fields\": [\"Codigo transacao\", \"Data finalizacao\", \"Endereco\"]}}]"}}, {"model": "admin.logentry", "pk": 205, "fields": {"action_time": "2024-10-18T20:14:00.821Z", "user": 1, "content_type": 12, "object_id": "8", "object_repr": "id_pedido [ 8 ] - natandossn@gmail.com - finalizado [ True ] ", "action_flag": 2, "change_message": "[{\"changed\": {\"fields\": [\"Codigo transacao\", \"Data finalizacao\", \"Endereco\"]}}]"}}, {"model": "admin.logentry", "pk": 206, "fields": {"action_time": "2024-10-18T20:56:25.421Z", "user": 1, "content_type": 10, "object_id": "1", "object_repr": "natandossn@gmail.com", "action_flag": 2, "change_message": "[{\"changed\": {\"fields\": [\"Nome\"]}}]"}}, {"model": "admin.logentry", "pk": 207, "fields": {"action_time": "2024-10-18T20:56:58.925Z", "user": 1, "content_type": 10, "object_id": "1", "object_repr": "natandossn@gmail.com", "action_flag": 2, "change_message": "[{\"changed\": {\"fields\": [\"Nome\"]}}]"}}, {"model": "admin.logentry", "pk": 208, "fields": {"action_time": "2024-11-01T19:29:47.276Z", "user": 1, "content_type": 3, "object_id": "1", "object_repr": "equipe", "action_flag": 1, "change_message": "[{\"added\": {}}]"}}, {"model": "admin.logentry", "pk": 209, "fields": {"action_time": "2024-11-01T19:36:00.747Z", "user": 1, "content_type": 4, "object_id": "1", "object_repr": "natandossn@gmail.com", "action_flag": 2, "change_message": "[{\"changed\": {\"fields\": [\"Groups\"]}}]"}}, {"model": "admin.logentry", "pk": 210, "fields": {"action_time": "2024-11-01T22:42:00.838Z", "user": 1, "content_type": 4, "object_id": "1", "object_repr": "natandossn@gmail.com", "action_flag": 2, "change_message": "[{\"changed\": {\"fields\": [\"Groups\"]}}]"}}, {"model": "admin.logentry", "pk": 211, "fields": {"action_time": "2024-11-01T22:42:50.111Z", "user": 1, "content_type": 4, "object_id": "1", "object_repr": "natandossn@gmail.com", "action_flag": 2, "change_message": "[{\"changed\": {\"fields\": [\"Groups\"]}}]"}}, {"model": "auth.permission", "pk": 1, "fields": {"name": "Can add log entry", "content_type": 1, "codename": "add_logentry"}}, {"model": "auth.permission", "pk": 2, "fields": {"name": "Can change log entry", "content_type": 1, "codename": "change_logentry"}}, {"model": "auth.permission", "pk": 3, "fields": {"name": "Can delete log entry", "content_type": 1, "codename": "delete_logentry"}}, {"model": "auth.permission", "pk": 4, "fields": {"name": "Can view log entry", "content_type": 1, "codename": "view_logentry"}}, {"model": "auth.permission", "pk": 5, "fields": {"name": "Can add permission", "content_type": 2, "codename": "add_permission"}}, {"model": "auth.permission", "pk": 6, "fields": {"name": "Can change permission", "content_type": 2, "codename": "change_permission"}}, {"model": "auth.permission", "pk": 7, "fields": {"name": "Can delete permission", "content_type": 2, "codename": "delete_permission"}}, {"model": "auth.permission", "pk": 8, "fields": {"name": "Can view permission", "content_type": 2, "codename": "view_permission"}}, {"model": "auth.permission", "pk": 9, "fields": {"name": "Can add group", "content_type": 3, "codename": "add_group"}}, {"model": "auth.permission", "pk": 10, "fields": {"name": "Can change group", "content_type": 3, "codename": "change_group"}}, {"model": "auth.permission", "pk": 11, "fields": {"name": "Can delete group", "content_type": 3, "codename": "delete_group"}}, {"model": "auth.permission", "pk": 12, "fields": {"name": "Can view group", "content_type": 3, "codename": "view_group"}}, {"model": "auth.permission", "pk": 13, "fields": {"name": "Can add user", "content_type": 4, "codename": "add_user"}}, {"model": "auth.permission", "pk": 14, "fields": {"name": "Can change user", "content_type": 4, "codename": "change_user"}}, {"model": "auth.permission", "pk": 15, "fields": {"name": "Can delete user", "content_type": 4, "codename": "delete_user"}}, {"model": "auth.permission", "pk": 16, "fields": {"name": "Can view user", "content_type": 4, "codename": "view_user"}}, {"model": "auth.permission", "pk": 17, "fields": {"name": "Can add content type", "content_type": 5, "codename": "add_contenttype"}}, {"model": "auth.permission", "pk": 18, "fields": {"name": "Can change content type", "content_type": 5, "codename": "change_contenttype"}}, {"model": "auth.permission", "pk": 19, "fields": {"name": "Can delete content type", "content_type": 5, "codename": "delete_contenttype"}}, {"model": "auth.permission", "pk": 20, "fields": {"name": "Can view content type", "content_type": 5, "codename": "view_contenttype"}}, {"model": "auth.permission", "pk": 21, "fields": {"name": "Can add session", "content_type": 6, "codename": "add_session"}}, {"model": "auth.permission", "pk": 22, "fields": {"name": "Can change session", "content_type": 6, "codename": "change_session"}}, {"model": "auth.permission", "pk": 23, "fields": {"name": "Can delete session", "content_type": 6, "codename": "delete_session"}}, {"model": "auth.permission", "pk": 24, "fields": {"name": "Can view session", "content_type": 6, "codename": "view_session"}}, {"model": "auth.permission", "pk": 25, "fields": {"name": "Can add categoria", "content_type": 7, "codename": "add_categoria"}}, {"model": "auth.permission", "pk": 26, "fields": {"name": "Can change categoria", "content_type": 7, "codename": "change_categoria"}}, {"model": "auth.permission", "pk": 27, "fields": {"name": "Can delete categoria", "content_type": 7, "codename": "delete_categoria"}}, {"model": "auth.permission", "pk": 28, "fields": {"name": "Can view categoria", "content_type": 7, "codename": "view_categoria"}}, {"model": "auth.permission", "pk": 29, "fields": {"name": "Can add item estoque", "content_type": 8, "codename": "add_itemestoque"}}, {"model": "auth.permission", "pk": 30, "fields": {"name": "Can change item estoque", "content_type": 8, "codename": "change_itemestoque"}}, {"model": "auth.permission", "pk": 31, "fields": {"name": "Can delete item estoque", "content_type": 8, "codename": "delete_itemestoque"}}, {"model": "auth.permission", "pk": 32, "fields": {"name": "Can view item estoque", "content_type": 8, "codename": "view_itemestoque"}}, {"model": "auth.permission", "pk": 33, "fields": {"name": "Can add tipo", "content_type": 9, "codename": "add_tipo"}}, {"model": "auth.permission", "pk": 34, "fields": {"name": "Can change tipo", "content_type": 9, "codename": "change_tipo"}}, {"model": "auth.permission", "pk": 35, "fields": {"name": "Can delete tipo", "content_type": 9, "codename": "delete_tipo"}}, {"model": "auth.permission", "pk": 36, "fields": {"name": "Can view tipo", "content_type": 9, "codename": "view_tipo"}}, {"model": "auth.permission", "pk": 37, "fields": {"name": "Can add cliente", "content_type": 10, "codename": "add_cliente"}}, {"model": "auth.permission", "pk": 38, "fields": {"name": "Can change cliente", "content_type": 10, "codename": "change_cliente"}}, {"model": "auth.permission", "pk": 39, "fields": {"name": "Can delete cliente", "content_type": 10, "codename": "delete_cliente"}}, {"model": "auth.permission", "pk": 40, "fields": {"name": "Can view cliente", "content_type": 10, "codename": "view_cliente"}}, {"model": "auth.permission", "pk": 41, "fields": {"name": "Can add endereco", "content_type": 11, "codename": "add_endereco"}}, {"model": "auth.permission", "pk": 42, "fields": {"name": "Can change endereco", "content_type": 11, "codename": "change_endereco"}}, {"model": "auth.permission", "pk": 43, "fields": {"name": "Can delete endereco", "content_type": 11, "codename": "delete_endereco"}}, {"model": "auth.permission", "pk": 44, "fields": {"name": "Can view endereco", "content_type": 11, "codename": "view_endereco"}}, {"model": "auth.permission", "pk": 45, "fields": {"name": "Can add pedido", "content_type": 12, "codename": "add_pedido"}}, {"model": "auth.permission", "pk": 46, "fields": {"name": "Can change pedido", "content_type": 12, "codename": "change_pedido"}}, {"model": "auth.permission", "pk": 47, "fields": {"name": "Can delete pedido", "content_type": 12, "codename": "delete_pedido"}}, {"model": "auth.permission", "pk": 48, "fields": {"name": "Can view pedido", "content_type": 12, "codename": "view_pedido"}}, {"model": "auth.permission", "pk": 49, "fields": {"name": "Can add itens pedido", "content_type": 13, "codename": "add_itenspedido"}}, {"model": "auth.permission", "pk": 50, "fields": {"name": "Can change itens pedido", "content_type": 13, "codename": "change_itenspedido"}}, {"model": "auth.permission", "pk": 51, "fields": {"name": "Can delete itens pedido", "content_type": 13, "codename": "delete_itenspedido"}}, {"model": "auth.permission", "pk": 52, "fields": {"name": "Can view itens pedido", "content_type": 13, "codename": "view_itenspedido"}}, {"model": "auth.permission", "pk": 53, "fields": {"name": "Can add produto", "content_type": 14, "codename": "add_produto"}}, {"model": "auth.permission", "pk": 54, "fields": {"name": "Can change produto", "content_type": 14, "codename": "change_produto"}}, {"model": "auth.permission", "pk": 55, "fields": {"name": "Can delete produto", "content_type": 14, "codename": "delete_produto"}}, {"model": "auth.permission", "pk": 56, "fields": {"name": "Can view produto", "content_type": 14, "codename": "view_produto"}}, {"model": "auth.permission", "pk": 57, "fields": {"name": "Can add banner", "content_type": 15, "codename": "add_banner"}}, {"model": "auth.permission", "pk": 58, "fields": {"name": "Can change banner", "content_type": 15, "codename": "change_banner"}}, {"model": "auth.permission", "pk": 59, "fields": {"name": "Can delete banner", "content_type": 15, "codename": "delete_banner"}}, {"model": "auth.permission", "pk": 60, "fields": {"name": "Can view banner", "content_type": 15, "codename": "view_banner"}}, {"model": "auth.permission", "pk": 61, "fields": {"name": "Can add cor", "content_type": 16, "codename": "add_cor"}}, {"model": "auth.permission", "pk": 62, "fields": {"name": "Can change cor", "content_type": 16, "codename": "change_cor"}}, {"model": "auth.permission", "pk": 63, "fields": {"name": "Can delete cor", "content_type": 16, "codename": "delete_cor"}}, {"model": "auth.permission", "pk": 64, "fields": {"name": "Can view cor", "content_type": 16, "codename": "view_cor"}}, {"model": "auth.permission", "pk": 65, "fields": {"name": "Can add pagamento", "content_type": 17, "codename": "add_pagamento"}}, {"model": "auth.permission", "pk": 66, "fields": {"name": "Can change pagamento", "content_type": 17, "codename": "change_pagamento"}}, {"model": "auth.permission", "pk": 67, "fields": {"name": "Can delete pagamento", "content_type": 17, "codename": "delete_pagamento"}}, {"model": "auth.permission", "pk": 68, "fields": {"name": "Can view pagamento", "content_type": 17, "codename": "view_pagamento"}}, {"model": "auth.group", "pk": 1, "fields": {"name": "equipe", "permissions": []}}, {"model": "auth.user", "pk": 1, "fields": {"password": "pbkdf2_sha256$600000$KsW7nRxpExx99GGr4si2sn$BO60LmmfQm2H/5wZm37giYK3uGe7Qmfw8CcIPtG78Ms=", "last_login": "2024-11-01T22:43:04.616Z", "is_superuser": true, "username": "natandossn@gmail.com", "first_name": "", "last_name": "", "email": "natandossn@gmail.com", "is_staff": true, "is_active": true, "date_joined": "2024-09-25T13:59:43Z", "groups": [1], "user_permissions": []}}, {"model": "auth.user", "pk": 6, "fields": {"password": "pbkdf2_sha256$600000$dUkKFKmnKCIb1v62BVHy0g$Nigkc8Wzj5tK9PPGYwELHSdVqV/Og1IO/Y3iaV52X5s=", "last_login": "2024-10-16T22:09:00.001Z", "is_superuser": false, "username": "houston@gmail.com", "first_name": "", "last_name": "", "email": "houston@gmail.com", "is_staff": false, "is_active": true, "date_joined": "2024-10-16T22:08:59.353Z", "groups": [], "user_permissions": []}}, {"model": "auth.user", "pk": 7, "fields": {"password": "pbkdf2_sha256$600000$uh5yJkSvPw6roJV2JKW1Rl$eJrrcjo11HoyOYVemqNj+UDnAf7TPNRZDc9EXneuyAw=", "last_login": "2024-10-22T18:01:14.163Z", "is_superuser": false, "username": "ronyfreitas105@gmail.com", "first_name": "", "last_name": "", "email": "ronyfreitas105@gmail.com", "is_staff": false, "is_active": true, "date_joined": "2024-10-16T22:12:01.415Z", "groups": [], "user_permissions": []}}, {"model": "contenttypes.contenttype", "pk": 1, "fields": {"app_label": "admin", "model": "logentry"}}, {"model": "contenttypes.contenttype", "pk": 2, "fields": {"app_label": "auth", "model": "permission"}}, {"model": "contenttypes.contenttype", "pk": 3, "fields": {"app_label": "auth", "model": "group"}}, {"model": "contenttypes.contenttype", "pk": 4, "fields": {"app_label": "auth", "model": "user"}}, {"model": "contenttypes.contenttype", "pk": 5, "fields": {"app_label": "contenttypes", "model": "contenttype"}}, {"model": "contenttypes.contenttype", "pk": 6, "fields": {"app_label": "sessions", "model": "session"}}, {"model": "contenttypes.contenttype", "pk": 7, "fields": {"app_label": "loja", "model": "categoria"}}, {"model": "contenttypes.contenttype", "pk": 8, "fields": {"app_label": "loja", "model": "itemestoque"}}, {"model": "contenttypes.contenttype", "pk": 9, "fields": {"app_label": "loja", "model": "tipo"}}, {"model": "contenttypes.contenttype", "pk": 10, "fields": {"app_label": "loja", "model": "cliente"}}, {"model": "contenttypes.contenttype", "pk": 11, "fields": {"app_label": "loja", "model": "endereco"}}, {"model": "contenttypes.contenttype", "pk": 12, "fields": {"app_label": "loja", "model": "pedido"}}, {"model": "contenttypes.contenttype", "pk": 13, "fields": {"app_label": "loja", "model": "itenspedido"}}, {"model": "contenttypes.contenttype", "pk": 14, "fields": {"app_label": "loja", "model": "produto"}}, {"model": "contenttypes.contenttype", "pk": 15, "fields": {"app_label": "loja", "model": "banner"}}, {"model": "contenttypes.contenttype", "pk": 16, "fields": {"app_label": "loja", "model": "cor"}}, {"model": "contenttypes.contenttype", "pk": 17, "fields": {"app_label": "loja", "model": "pagamento"}}, {"model": "sessions.session", "pk": "8xorrdwcji81fjpjaprksi0to0ethy71", "fields": {"session_data": ".eJxVjEsOwiAUAO_C2pAC8nPpvmcgj8dDqgaS0q6Md1eSLnQ7M5kXC7BvJeyd1rAkdmGCnX5ZBHxQHSLdod4ax1a3dYl8JPywnc8t0fN6tH-DAr2MrRMGVETvkdBhlgJinpKLZI3wyijrzdkq7b6hsBIsQdYT2SQNgCbP3h_iDTex:1t0KN7:pisq83XOAm77tRCVKUFo4nydYWNElhaNU2vzfMqGtHU", "expire_date": "2024-10-28T12:40:25.550Z"}}, {"model": "sessions.session", "pk": "9del0gnxne6vnlgmp63bkymiw3arun28", "fields": {"session_data": ".eJxVjEsOwiAUAO_C2pAC8nPpvmcgj8dDqgaS0q6Md1eSLnQ7M5kXC7BvJeyd1rAkdmGCnX5ZBHxQHSLdod4ax1a3dYl8JPywnc8t0fN6tH-DAr2MrRMGVETvkdBhlgJinpKLZI3wyijrzdkq7b6hsBIsQdYT2SQNgCbP3h_iDTex:1t0KQ0:m2IDZboCWzwjmsghbVqfNxnsBeg_TSskRmCW6C3jXtc", "expire_date": "2024-10-28T12:43:24.572Z"}}, {"model": "sessions.session", "pk": "h0wh6z5701vfkirf124enkyy0jubj7kd", "fields": {"session_data": "eyJfcGFzc3dvcmRfcmVzZXRfdG9rZW4iOiJjZXZ2dHgtM2IxOTQwMThmZTljYzVkNzQ4YTYyYzE3MGQ2Mjc4ZTAifQ:1t0LbQ:1d1F7s2h85dZxh1CRSNdMr04A21vD6CpMUamKp7fVn4", "expire_date": "2024-10-28T13:59:16.178Z"}}, {"model": "loja.cliente", "pk": 1, "fields": {"nome": "Natan Nogueira", "email": "natandossn@gmail.com", "telefone": "61985518539", "id_sessao": null, "usuario": 1}}, {"model": "loja.cliente", "pk": 2, "fields": {"nome": null, "email": null, "telefone": null, "id_sessao": "3d480e8e-d534-4fa1-b456-78027755568c", "usuario": null}}, {"model": "loja.cliente", "pk": 3, "fields": {"nome": null, "email": null, "telefone": null, "id_sessao": "d66139c2-db31-45c9-adc9-80ecb4cd1afb", "usuario": null}}, {"model": "loja.cliente", "pk": 5, "fields": {"nome": null, "email": null, "telefone": null, "id_sessao": "16823f9b-667b-4bcd-a7a7-fb2205cdc2ee", "usuario": null}}, {"model": "loja.cliente", "pk": 6, "fields": {"nome": "Rony", "email": "ronyfreitas105@gmail.com", "telefone": "61999999999", "id_sessao": "19e47273-7553-49d3-bf0f-dfafd85a8bb1", "usuario": 7}}, {"model": "loja.categoria", "pk": 2, "fields": {"nome": "Fones de ouvido", "slug": "fonesdeouvido"}}, {"model": "loja.categoria", "pk": 3, "fields": {"nome": "Carregadores", "slug": "carregadores"}}, {"model": "loja.categoria", "pk": 4, "fields": {"nome": "Smart Watch", "slug": "smartwatch"}}, {"model": "loja.categoria", "pk": 5, "fields": {"nome": "Smartphones", "slug": "smartphones"}}, {"model": "loja.categoria", "pk": 6, "fields": {"nome": "Caixa de som", "slug": "caixadesom"}}, {"model": "loja.tipo", "pk": 3, "fields": {"nome": "Airpods", "slug": "airpods", "categoria": 2}}, {"model": "loja.tipo", "pk": 4, "fields": {"nome": "Jbl", "slug": "jbl", "categoria": 6}}, {"model": "loja.tipo", "pk": 5, "fields": {"nome": "Iphone11", "slug": "iphone11", "categoria": 5}}, {"model": "loja.tipo", "pk": 6, "fields": {"nome": "Iphone12", "slug": "iphone12", "categoria": 5}}, {"model": "loja.tipo", "pk": 7, "fields": {"nome": "Iphone13", "slug": "iphone13", "categoria": 5}}, {"model": "loja.tipo", "pk": 8, "fields": {"nome": "Iphone14", "slug": "iphone14", "categoria": 5}}, {"model": "loja.tipo", "pk": 9, "fields": {"nome": "Iphone15", "slug": "iphone15", "categoria": 5}}, {"model": "loja.tipo", "pk": 10, "fields": {"nome": "AppleWatch", "slug": "applewatch", "categoria": 4}}, {"model": "loja.tipo", "pk": 11, "fields": {"nome": "Carregador MacBook Pro", "slug": "carregadormacbookpro", "categoria": 3}}, {"model": "loja.produto", "pk": 1, "fields": {"imagem": "iphone_15_JkzfVhB.JPEG", "nome": "iPhone 15 Pro Max", "preco": "2500.00", "ativo": true, "categoria": 5, "tipo": 9}}, {"model": "loja.produto", "pk": 2, "fields": {"imagem": "airpods.webp", "nome": "Apple Airpods Pro 2nd generation MTJV3AM/A", "preco": "1700.00", "ativo": true, "categoria": 2, "tipo": 3}}, {"model": "loja.produto", "pk": 3, "fields": {"imagem": "jbl.jpg", "nome": "Caixa JBL Boombox 3 Preta, 200W RMS, Wi-Fi, Bluetooth, IP67 à Prova D'água, JBLBB3WIFIBLKBR, HARMAN JBL", "preco": "3000.00", "ativo": true, "categoria": 6, "tipo": 4}}, {"model": "loja.produto", "pk": 4, "fields": {"imagem": "airpod_jbl_branco.webp", "nome": "Fone De Ouvido Sem Fio AirPods Pro Inpods 13 Bluetooth 5.0 Com Microfone", "preco": "30.00", "ativo": true, "categoria": 2, "tipo": 3}}, {"model": "loja.produto", "pk": 5, "fields": {"imagem": "airpod_jbl_preto.jpg", "nome": "Fone De Ouvido Sem Fio AirPods Pro Inpods 13 Bluetooth 5.0 Com Microfone", "preco": "50.00", "ativo": true, "categoria": 2, "tipo": 3}}, {"model": "loja.produto", "pk": 7, "fields": {"imagem": "Iphone13.JPEG", "nome": "iPhone 13 Pro Max", "preco": "10000.00", "ativo": true, "categoria": 5, "tipo": 7}}, {"model": "loja.produto", "pk": 8, "fields": {"imagem": "Iphone14.JPEG", "nome": "iPhone 14 Apple", "preco": "5000.00", "ativo": true, "categoria": 5, "tipo": 8}}, {"model": "loja.produto", "pk": 9, "fields": {"imagem": "Iphone_12.webp", "nome": "Iphone 12", "preco": "2000.00", "ativo": true, "categoria": 5, "tipo": 6}}, {"model": "loja.produto", "pk": 10, "fields": {"imagem": "Iphone_11.webp", "nome": "Iphone 11", "preco": "2000.00", "ativo": true, "categoria": 5, "tipo": 5}}, {"model": "loja.produto", "pk": 11, "fields": {"imagem": "Iphone14_tI5rYGx.JPEG", "nome": "Iphone 14", "preco": "4000.00", "ativo": true, "categoria": 5, "tipo": 8}}, {"model": "loja.produto", "pk": 12, "fields": {"imagem": "Apple_Watch_Ultra_2.jpeg", "nome": "Apple Watch Ultra 2", "preco": "6000.00", "ativo": true, "categoria": 4, "tipo": 10}}, {"model": "loja.produto", "pk": 13, "fields": {"imagem": "carregador.jpg", "nome": "Carregador Apple MagSafe 2 de 60W", "preco": "863.00", "ativo": true, "categoria": 3, "tipo": 11}}, {"model": "loja.cor", "pk": 1, "fields": {"nome": "branco", "codigo": "#FFFFFF"}}, {"model": "loja.cor", "pk": 2, "fields": {"nome": "preto", "codigo": "#000000"}}, {"model": "loja.cor", "pk": 3, "fields": {"nome": "azul", "codigo": "#0000FF"}}, {"model": "loja.cor", "pk": 4, "fields": {"nome": "cinza", "codigo": "#aaaaaa"}}, {"model": "loja.cor", "pk": 5, "fields": {"nome": "laranja", "codigo": "#f24f00"}}, {"model": "loja.itemestoque", "pk": 1, "fields": {"modelo": "AirPod", "quantidade": 1, "cor": 1, "produto": 4}}, {"model": "loja.itemestoque", "pk": 2, "fields": {"modelo": "AirPod", "quantidade": 1, "cor": 2, "produto": 4}}, {"model": "loja.itemestoque", "pk": 3, "fields": {"modelo": "512GB", "quantidade": 1, "cor": 1, "produto": 1}}, {"model": "loja.itemestoque", "pk": 4, "fields": {"modelo": "512GB", "quantidade": 1, "cor": 2, "produto": 1}}, {"model": "loja.itemestoque", "pk": 5, "fields": {"modelo": "512GB", "quantidade": 1, "cor": 3, "produto": 1}}, {"model": "loja.itemestoque", "pk": 6, "fields": {"modelo": "512GB", "quantidade": 1, "cor": 4, "produto": 1}}, {"model": "loja.itemestoque", "pk": 7, "fields": {"modelo": "KOSAK", "quantidade": 1, "cor": 2, "produto": 3}}, {"model": "loja.itemestoque", "pk": 8, "fields": {"modelo": "512GB", "quantidade": 1, "cor": 1, "produto": 8}}, {"model": "loja.itemestoque", "pk": 9, "fields": {"modelo": "512GB", "quantidade": 1, "cor": 1, "produto": 7}}, {"model": "loja.itemestoque", "pk": 10, "fields": {"modelo": "512GB", "quantidade": 1, "cor": 1, "produto": 9}}, {"model": "loja.itemestoque", "pk": 11, "fields": {"modelo": "512GB", "quantidade": 1, "cor": 1, "produto": 10}}, {"model": "loja.itemestoque", "pk": 12, "fields": {"modelo": "AirPod", "quantidade": 1, "cor": 1, "produto": 2}}, {"model": "loja.itemestoque", "pk": 13, "fields": {"modelo": "1TB", "quantidade": 1, "cor": 1, "produto": 11}}, {"model": "loja.itemestoque", "pk": 14, "fields": {"modelo": "Apple Watch", "quantidade": 1, "cor": 5, "produto": 12}}, {"model": "loja.itemestoque", "pk": 15, "fields": {"modelo": "Carregador MacBook Pro", "quantidade": 1, "cor": 1, "produto": 13}}, {"model": "loja.endereco", "pk": 1, "fields": {"rua": "21", "numero": 6, "complemento": null, "cep": "71916000", "cidade": "Águas Claras", "estado": "DF", "cliente": 1}}, {"model": "loja.endereco", "pk": 2, "fields": {"rua": "26", "numero": 8, "complemento": null, "cep": "71915000", "cidade": "Jardim Botanico", "estado": "DF", "cliente": 1}}, {"model": "loja.endereco", "pk": 3, "fields": {"rua": "32", "numero": 10, "complemento": null, "cep": "87908987", "cidade": "Rio de Janeiro", "estado": "RJ", "cliente": 1}}, {"model": "loja.endereco", "pk": 5, "fields": {"rua": "R. 12", "numero": 8, "complemento": "sei la", "cep": "09889999", "cidade": "Candangolandia", "estado": "DF", "cliente": 1}}, {"model": "loja.endereco", "pk": 6, "fields": {"rua": "1", "numero": 1, "complemento": "1", "cep": "1", "cidade": "1", "estado": "1", "cliente": 6}}, {"model": "loja.pedido", "pk": 1, "fields": {"finalizado": true, "codigo_transacao": "dnasbdasoiubdfpq9gwf", "data_finalizacao": "2024-10-18T20:13:25Z", "cliente": 1, "endereco": 1}}, {"model": "loja.pedido", "pk": 2, "fields": {"finalizado": true, "codigo_transacao": null, "data_finalizacao": null, "cliente": 2, "endereco": null}}, {"model": "loja.pedido", "pk": 3, "fields": {"finalizado": true, "codigo_transacao": null, "data_finalizacao": null, "cliente": 3, "endereco": null}}, {"model": "loja.pedido", "pk": 4, "fields": {"finalizado": true, "codigo_transacao": null, "data_finalizacao": null, "cliente": null, "endereco": null}}, {"model": "loja.pedido", "pk": 5, "fields": {"finalizado": true, "codigo_transacao": null, "data_finalizacao": null, "cliente": 5, "endereco": null}}, {"model": "loja.pedido", "pk": 6, "fields": {"finalizado": true, "codigo_transacao": "asdWGHE4RT2GWER", "data_finalizacao": "2024-10-18T20:13:35Z", "cliente": 1, "endereco": 2}}, {"model": "loja.pedido", "pk": 7, "fields": {"finalizado": true, "codigo_transacao": "DAEWQEHYTRHFGHSR", "data_finalizacao": "2024-10-18T20:13:44Z", "cliente": 1, "endereco": 3}}, {"model": "loja.pedido", "pk": 8, "fields": {"finalizado": true, "codigo_transacao": "QDW3UJTYHAERGETHNSTY", "data_finalizacao": "2024-10-18T20:13:57Z", "cliente": 1, "endereco": 5}}, {"model": "loja.pedido", "pk": 9, "fields": {"finalizado": false, "codigo_transacao": "9-1730327095.139269", "data_finalizacao": null, "cliente": 1, "endereco": 1}}, {"model": "loja.pedido", "pk": 10, "fields": {"finalizado": false, "codigo_transacao": null, "data_finalizacao": null, "cliente": null, "endereco": null}}, {"model": "loja.pedido", "pk": 11, "fields": {"finalizado": false, "codigo_transacao": null, "data_finalizacao": null, "cliente": 6, "endereco": null}}, {"model": "loja.itenspedido", "pk": 8, "fields": {"quantidade": 1, "item_estoque": 3, "pedido": 2}}, {"model": "loja.itenspedido", "pk": 9, "fields": {"quantidade": 1, "item_estoque": 5, "pedido": 2}}, {"model": "loja.itenspedido", "pk": 14, "fields": {"quantidade": 1, "item_estoque": 3, "pedido": 3}}, {"model": "loja.itenspedido", "pk": 17, "fields": {"quantidade": 1, "item_estoque": 4, "pedido": 1}}, {"model": "loja.itenspedido", "pk": 18, "fields": {"quantidade": 1, "item_estoque": 5, "pedido": 5}}, {"model": "loja.itenspedido", "pk": 19, "fields": {"quantidade": 1, "item_estoque": 5, "pedido": 1}}, {"model": "loja.itenspedido", "pk": 20, "fields": {"quantidade": 4, "item_estoque": 3, "pedido": 6}}, {"model": "loja.itenspedido", "pk": 21, "fields": {"quantidade": 1, "item_estoque": 1, "pedido": 6}}, {"model": "loja.itenspedido", "pk": 22, "fields": {"quantidade": 2, "item_estoque": 9, "pedido": 6}}, {"model": "loja.itenspedido", "pk": 23, "fields": {"quantidade": 15, "item_estoque": 13, "pedido": 8}}, {"model": "loja.itenspedido", "pk": 24, "fields": {"quantidade": 3, "item_estoque": 1, "pedido": 10}}, {"model": "loja.itenspedido", "pk": 25, "fields": {"quantidade": 2, "item_estoque": 10, "pedido": 9}}, {"model": "loja.itenspedido", "pk": 27, "fields": {"quantidade": 1, "item_estoque": 1, "pedido": 9}}, {"model": "loja.banner", "pk": 4, "fields": {"imagem": "banner_smartphone_bBTykmk.png", "link_destino": "smartphones", "ativo": true}}, {"model": "loja.banner", "pk": 5, "fields": {"imagem": "banner_acessorio.png", "link_destino": "caixadesom", "ativo": true}}, {"model": "loja.banner", "pk": 6, "fields": {"imagem": "1_Banner_watch.JPG", "link_destino": "smartwatch", "ativo": true}}, {"model": "loja.banner", "pk": 7, "fields": {"imagem": "banner_fone.jpg", "link_destino": "fonesdeouvido", "ativo": true}}]